{
  "Ottawa": {
    "MAE": 293901.2743505124,
    "MSE": 94354451136.31412,
    "RMSE": 307171.6965091578,
    "MAPE": 97.47726695870537,
    "sMAPE": 190.17577382448874,
    "R2": -10.829065996578835,
    "MAE_pct_peak": 40.724428086917435
  }
}